gvkey,company_name,fic,gsector,market_cap_usd,in_portfolio,base_ic,base_nd_eb,base_fcf,base_div_cov,base_runway,base_z,stress_ic,stress_nd_eb,stress_fcf,stress_div_cov,stress_runway,stress_z,severe_ic,severe_nd_eb,severe_fcf,severe_div_cov,severe_runway,severe_z,rate_base,rate_stress,rate_severe,overall,_ov_rk
015508,ANGLO AMERICAN PLC,GB,15,45708350553.6,False,3.4061685007214435,1.3611053535747069,1261.8986288148808,5.108901331234335,inf,4.076256153483584,0.895838945308724,2.4305452742405484,-1018.59569048489,-4.123869192246518,5.086932618689147,3.7254225006950743,-0.07482891688146807,4.18801647253756,-1748.4289275135518,-14.157319251121876,3.4392331382748997,3.5380454361375753,pass,fail,fail,fail,5
017420,ATLAS COPCO AB (PUBL),SE,20,19464320577.84057,False,42.13440262145266,0.4381845165523468,29622.71803775255,2.027319909154874,inf,5.011895872789137,10.479128489500342,0.7824723509863336,16491.697101141428,1.128658951089025,inf,4.379421064723919,2.6319162971487917,1.3482600509302978,10883.30961226958,1.4896641305049336,inf,4.041622019507269,pass,pass,marginal,stress_resilient,2
025648,ROCHE HOLDING AG,CH,35,273258951914.19998,True,16.73972435267386,0.7557602378247928,13650.289604967904,inf,inf,4.1707159596047,5.207091760251871,1.3495718532585588,6093.087178782027,inf,inf,3.4878813177506798,1.659170760885359,2.325416116383978,3082.1128716145686,inf,inf,3.1231855431241002,pass,pass,marginal,stress_resilient,2
028844,COCA-COLA FEMSA SAB DE CV,MX,30,2867930151.4164,False,4.663069958929466,1.0626315899773435,14928.906352359576,inf,inf,3.1399878519048072,1.55887565808246,1.8975564106738279,-736.8474426786429,inf,38.76650490386229,2.6468208423971076,0.27559626277413196,3.269635661468749,-4675.729747310847,inf,6.109206807007738,2.383424825955495,pass,marginal,fail,marginal,3
100013,SOCIETE BIC SA,FR,20,2352140679.0959997,False,17.269959407329655,-0.37654116262187265,235.1908291950312,inf,inf,6.891108756037014,4.785265162653161,-0.672394933253344,118.55417934921743,inf,inf,6.435877333866339,0.5232077785245569,-1.158588192682685,79.94930931784685,inf,inf,6.192742369752455,pass,pass,fail,severe_vulnerable,4
100023,HONG LEONG INDUSTRIES BHD,MY,20,1237574182.282,False,659.0386265060977,-3.044333588058355,310.9389495000504,1.2216728397489005,inf,10.52921366158993,104.71950888506197,-5.4363099786756335,138.3046367200282,0.5433961186395837,17.35414576201161,9.957885877964895,33.662949153790066,-9.367180270948785,102.32427733751638,0.8040600296049912,80.88161181870595,9.652744902619704,pass,marginal,marginal,marginal,3
100057,IMI PLC,GB,20,8818158549.8046,False,14.26435771826695,1.0410915120807094,304.44633891247605,3.615752243616105,inf,4.103996638954342,4.328108875253788,1.8590919858584098,150.21444979098655,1.7840195937171799,inf,3.4984392636353854,1.076674098612259,3.203358498709875,92.9765601465547,2.208469362150943,inf,3.175016574544579,pass,pass,fail,severe_vulnerable,4
100095,BUNZL PLC,GB,20,9173756910.412401,False,4.1072843527206615,2.081980509349133,761.3589514972138,3.2016776766072907,inf,3.028977800986819,0.9744813512227842,3.7178223381234523,461.5620171179194,1.940967271311688,inf,2.6387670534094623,-0.1265200889299093,6.406093874920408,243.32404564879255,2.046459593345606,inf,2.4303590404988284,pass,fail,fail,fail,5
100149,NEXT PLC,GB,25,19756467872.4945,True,12.993702981308463,1.073675836677204,1070.940947337387,inf,inf,6.186818691240994,4.207665966969441,1.917278279780721,586.4774305089367,inf,inf,5.227353285104458,1.0992230942242573,3.303617959006781,370.6100578846508,inf,inf,4.714911534099717,pass,pass,fail,severe_vulnerable,4
100241,HEINEKEN MALAYSIA BHD,MY,30,1506127704.88,False,53.06805618523184,0.22171724948842653,408.976084098921,inf,inf,3.9889363070303583,19.670018579403525,0.39592365980076166,220.0335170953958,inf,inf,2.556358805303874,6.859954730479388,0.6822069215028509,152.46803233214933,inf,inf,1.7912321850635928,pass,pass,pass,highly_resilient,1
100245,ADVANTEST CORP,JP,45,18054847341.221157,False,79.64126619378102,-0.7418939261257463,158351.97405589148,5.792164089977375,inf,7.20835524094584,22.892275205014805,-1.3248105823674041,89555.79047129923,3.275752239339377,inf,6.419663058791631,7.502883737130042,-2.282750541925373,59066.57406816473,4.321048616859778,inf,5.998429734231998,pass,pass,pass,highly_resilient,1
100581,LOREAL SA,FR,30,209206648162.36798,False,23.74415335543669,0.1983940567478492,6396.9584730640545,inf,inf,3.3607417733603837,6.847789059383062,0.35427510133544504,3247.194744915871,inf,inf,2.8662927525680386,2.0267955838529645,0.6104432515318436,2025.3602537458182,inf,inf,2.602212025553945,pass,pass,marginal,stress_resilient,2
100658,TOKYO ELECTRON LTD,JP,45,5192333277.516743,False,inf,-0.6986923542089537,389870.89999234676,1.6500656012136095,inf,9.205035507731827,inf,-1.2476649182302744,179807.97399571416,0.7610082022537802,8.787946650770762,8.405322063601869,inf,-2.149822628335242,120377.45124751271,1.0189562312508482,inf,7.9782023832142785,pass,marginal,pass,marginal,3
100683,NITTO DENKO CORP,JP,15,7249313970.057,False,1360.1435490989315,-1.6471645018203853,75543.93403250258,1.9859078347135275,inf,9.564469362738365,470.3243311160109,-2.9413651818221167,12973.15055820145,0.34103970973189934,14.495000691795356,9.071688758216354,45.51861940698089,-5.068198467139647,13541.438873063358,0.7119578797614805,66.3210634291426,8.808499117164825,pass,marginal,marginal,marginal,3
100697,SHIN-ETSU CHEMICAL CO LTD,JP,15,7725131477.564131,False,inf,-1.783780731017968,374764.9165049867,1.830586137946634,inf,12.324750639476916,965.2455445749165,-3.1853227339606573,68079.3782427925,0.332542243424281,13.258319110568586,11.796927771967,131.60949788041225,-5.488556095439902,41535.59411412066,0.40577161558117913,29.784399942995403,11.515022376819658,pass,marginal,marginal,marginal,3
100743,BEKAERT SA/NV,BE,15,2172508587.6480002,False,9.4528791633525,0.392067026161599,236.1810809423425,2.4937554080640965,inf,4.922565066322809,2.017129092406608,0.7001196895742839,105.72841032771177,1.1163501919322532,inf,4.553119811054031,-0.2999105295333911,1.2063600804972276,61.11268924168175,1.2905360470848968,inf,4.355802458808205,pass,marginal,fail,marginal,3
100837,UNITED PLANTATIONS BHD,MY,30,4473004320.254399,False,1165.0836723415998,-0.39500615261417504,707.5958390837205,1.404060288202571,inf,13.244777063977581,450.05438219687744,-0.7053681296681695,371.7598948868835,0.73767152988484,3.3682010072153274,12.270872891008041,176.1479721236981,-1.215403546505154,239.6625964522092,0.9511099858410886,36.14541875120667,11.750719525899308,pass,marginal,marginal,marginal,3
100909,RS GROUP PLC,GB,20,3825982148.8078003,False,10.072666344312854,0.9725342545429532,264.48914306133423,2.5213455010613366,inf,5.0939230802835755,3.1925597998304025,1.7366683116838448,162.26542011434717,1.5468581517096964,inf,4.671394347319749,0.7383234774397703,2.9924130909013944,112.00304532657816,2.13542507772313,inf,4.445725592214069,pass,pass,fail,severe_vulnerable,4
101023,KONE OYJ,FI,20,27749038450.437565,False,31.204426865990598,-0.5246245670767699,1081.1941340395151,1.1601355580897308,inf,2.6414723675843788,9.779786023050338,-0.9368295840656603,659.0162150621286,0.7071330858916242,6.224472642782218,2.125189071734027,2.577294578263241,-1.6142294371592916,497.9062185628425,1.068519871802485,inf,1.8494468569048617,pass,marginal,marginal,marginal,3
101241,ROTORK PLC,GB,20,3835498937.16052,False,80.81318051119734,-0.3473262385972357,134.60575930513585,1.962183080249794,inf,8.374689383922881,29.052872505400167,-0.6202254260664922,79.66572521087608,1.1613079476804093,inf,7.691596356785295,11.008872350538116,-1.0686961187607251,54.508621774169164,1.5891726464772353,inf,7.326762580927721,pass,pass,pass,highly_resilient,1
101310,NOVARTIS AG,CH,35,264686459935.1,False,14.421152458873202,1.1163933537507613,14791.875724466445,1.6620085083670162,inf,3.260493741561651,3.880578791445256,1.9935595602692162,7758.690405701211,0.8717629669327203,10.105058309867074,2.691323462819738,0.8558805007331896,3.4350564730792654,4244.749480602127,0.9538762877757588,56.18986998831198,2.3873347912189438,pass,marginal,fail,marginal,3
101340,SGS SA,CH,20,20196222637.8416,False,13.347490622803836,1.733304446247135,925.8069654998185,1.4980695234624894,inf,3.2132565310223393,2.087094405579689,3.095186511155599,433.26690067989824,0.7010791273137512,12.618204363912557,2.657976284823369,0.0556606531677751,5.333244449991185,159.9905183832547,0.5177686679069732,15.64329984044484,2.361406153330737,pass,marginal,fail,marginal,3
101343,SCHINDLER HOLDING AG,CH,20,20965594242.216,False,32.45565516106168,-2.4463451562133156,1054.710947977869,1.632679486033853,inf,4.7812004267076,10.073534620197876,-4.3684734932380636,668.9281308676067,1.035492462643354,inf,4.410415403562408,2.3137971258383216,-7.5272158652717405,513.2823080928074,1.5891093129808278,inf,4.2123824934734975,pass,pass,marginal,stress_resilient,2
101538,COLOPLAST A/S,DK,35,7761782139.999999,False,10.434653761764782,2.3091896551524984,5531.828634527249,1.0670965730183737,inf,3.3550406697439357,3.136904584944289,4.123552955629462,2371.0390353352586,0.45737635712485697,0.3366559336925839,2.780775083522747,0.9600468879779156,7.105198938930763,960.010741628475,0.3703745145171586,0.5802734271333139,2.474065054518249,pass,marginal,fail,marginal,3
101894,NOF CORP,JP,15,4534652408.2224,False,229.28684254193982,-1.6206122735577724,23475.014534600603,2.4397229821867183,inf,9.400362078698748,71.04775649943674,-2.8939504884960225,9080.423139376335,0.9437147307603757,160.76019182159936,8.981402727246858,21.88632399045574,-4.986499303254684,6772.505973745198,1.4077127361765118,inf,8.75764034635778,pass,marginal,pass,marginal,3
101944,CAPGEMINI SE,FR,45,19923711853.072502,False,13.087556931828585,2.0198603759493974,2206.002204376545,3.818218047339184,inf,2.6425302919000275,2.9549238366596584,3.606893528481067,1203.301234450865,2.0827116494492754,inf,2.307846551688944,0.6437990848194916,6.214955002921223,684.9517885631694,2.371072227816087,inf,2.1290950086216607,pass,marginal,fail,marginal,3
101994,VISCOFAN SA,ES,30,3014410640.0940003,False,22.679246219114624,0.8667071756216047,152.70985544545735,inf,inf,4.9673042732964126,5.061932868972858,1.5476913850385798,64.26445904945614,inf,inf,4.3692537443557455,0.43978733202245485,2.6667913096049376,38.60665319303152,inf,inf,4.049840393671526,pass,pass,fail,severe_vulnerable,4
102141,AZBIL CORP,JP,45,4962005949.0816,False,175.21308142286884,-2.159411424647839,26024.64259129602,2.3199003914508842,inf,9.933107946854042,53.547869159302095,-3.856091829728284,15282.14985112577,1.3622882734111046,inf,9.544530659910343,16.1594415969172,-6.644342845070273,12122.913842171207,2.1613324731986463,inf,9.336995063474504,pass,pass,pass,highly_resilient,1
102245,DAIFUKU CO LTD,JP,20,6854587272.22995,False,1096.4707390939207,-2.3086318543531883,45128.21380243084,1.8573574434058047,inf,6.998835275333959,29.793104941801552,-4.12255688277355,22244.68972936127,0.9155323591126999,127.29654172548287,6.659423924803798,7.252567841908243,-7.103482628779041,17682.508235790025,1.4555301671638494,inf,6.478147408043371,pass,marginal,pass,marginal,3
102277,TIGER BRANDS LIMITED,ZA,30,2747876799.07104,False,253.24049991624454,-1.1532678320564589,1955.164499246201,inf,inf,6.777805206125519,69.21087562367626,-2.0594068429579626,1008.0871195778723,inf,inf,6.350450143175112,15.569366425926702,-3.548516406327566,925.6222122550155,inf,inf,6.122203689099327,pass,pass,pass,highly_resilient,1
102283,EMS-CHEMIE HOLDING AG,CH,15,16981019053.699999,False,558.2497020211522,-1.025944887710902,403.7974861407936,inf,inf,13.548103103593837,165.93257527905538,-1.8320444423408964,238.77562223884448,inf,inf,12.806743167153739,57.32212200539064,-3.1567535006489287,163.07605924575796,inf,inf,12.410789564736866,pass,pass,pass,highly_resilient,1
102610,BUCHER INDUSTRIES AG,CH,20,4236299374.9999995,False,158.2875260723143,-1.3193242847163933,208.63816019762433,inf,inf,8.460037343805661,52.41210338962614,-2.355936222707845,112.81786971066961,inf,inf,8.048910028553022,10.990374360286927,-4.059459337588902,96.69052706422791,inf,inf,7.829330666997636,pass,pass,pass,highly_resilient,1
102625,BIPROGY INC,JP,45,3121334286.7824,False,119.23539754494205,-0.40704893666059255,42078.70028472291,4.031299126721873,inf,4.814883622284783,10.876052276115168,-0.7268731011796297,27479.562159444824,2.632646307668598,inf,4.327443002830693,-0.10615201497494006,-1.252458266647977,20626.591790046594,3.9522114945481115,inf,4.0671053992586215,pass,pass,fail,severe_vulnerable,4
102696,LOGITECH INTERNATIONAL SA,CH,45,11560402674.0,False,inf,-1.8108276536329977,548.132188224977,2.580660019891605,inf,9.018208421676137,192.9233316782372,-3.2336208100589245,335.19449540598714,1.5781285094443838,inf,8.367192642449055,46.926256528761094,-5.571777395793839,247.49348867311753,2.3304471626470575,inf,8.019491033089135,pass,pass,pass,highly_resilient,1
102773,NICHIAS CORP,JP,20,3627252312.5256,False,143.72334852386263,-1.1871422361765704,25695.8626431521,3.8340588843855716,inf,8.938417269681025,33.826017932556496,-2.1198968503153046,14575.328080165174,2.1747729155722433,inf,8.519313069336569,8.445446349235862,-3.652745342081755,11141.822859024434,3.3249247564978917,inf,8.29547332597078,pass,pass,pass,highly_resilient,1
102839,NIPPON SHINYAKU CO LTD,JP,35,2413201701.7356,False,345.69889158612773,-1.2831235147559719,28773.941037649176,3.444743330258491,inf,13.294241248424662,108.7630552503306,-2.291291990635664,16828.33698108354,2.0146458734686385,inf,12.867556567840577,34.7219416634012,-3.9480723530952977,11780.830837235984,2.8207424487575685,inf,12.639668158892258,pass,pass,pass,highly_resilient,1
102895,SANWA HOLDINGS CORP,JP,20,5600007400.0,True,50.55518874499284,-0.9610294652536283,47841.816454281914,2.2832919607827953,inf,6.292378870378271,11.985900838285112,-1.716124045095765,27032.062214397873,1.2901284882545636,inf,5.846920859029114,2.812484647990699,-2.957013739241934,21646.452847641624,2.066191270714611,inf,5.609005784785816,pass,pass,marginal,stress_resilient,2
103003,NISSAN CHEMICAL CORP,JP,15,5633853120.0,False,77.69267855911808,0.18745651273887975,39742.33182381104,1.7522301408143837,inf,8.211281202463832,16.149979647484482,0.3347437727479996,18728.35582133418,0.82572884005706,6.945730189472012,7.5903900405678755,3.522927995749405,0.5767892699657838,12388.144092738588,1.0923807674034292,inf,7.258777715464352,pass,marginal,pass,marginal,3
103200,FUCHS SE,DE,15,2458922400.0,False,38.37118616236458,-0.28978106396201575,315.3122858395078,1.964868582891465,inf,6.194150621844524,14.992729919141981,-0.5174661856464566,177.58988007012437,1.1066513791564068,inf,5.624140131391814,4.779347182775367,-0.8916340429600483,138.67649289784003,1.7283251957979753,inf,5.31970271035457,pass,pass,pass,highly_resilient,1
103700,CARLSBERG BREWERY MALAYSIA,MY,30,1151190139.68,False,110.16630184674152,0.033455835227858235,305.3860565756737,0.8998351599259642,0.7557816896763626,2.4747774217025262,42.21631195080604,0.0597425629068897,177.54200168237725,0.5231363123412612,0.15875134558681925,1.196532970656982,14.435995626732847,0.10294103147033301,129.18419088709396,0.7612952494966938,0.6342793925776431,0.5138342297576575,marginal,marginal,fail,marginal,3
104558,ADVANCED INFO SERVICE PCL,TH,50,30176331981.456,False,7.262313904536733,1.4414767752813828,70757.1613820973,inf,inf,1.1401720459148654,0.5668477028890629,2.5740656701453264,30915.73395529933,inf,inf,0.3310785764908668,-1.3086719584928783,4.435313154711947,8949.1256980755,inf,inf,-0.10105089013331447,pass,fail,fail,fail,5
104898,HOWDEN JOINERY GROUP PLC,GB,20,5770989507.2232,False,15.775395263393786,0.6678473838250131,285.90818687256103,2.4250058258911027,inf,5.054647199968665,3.5122081052726064,1.1925846139732375,121.43208464863422,1.029958309148721,inf,4.376842469529693,0.09466588452805844,2.0549150271538865,65.37338097810975,1.1089632057355343,inf,4.014833124863424,pass,pass,fail,severe_vulnerable,4
105104,WAL MART DE MEXICO S A B D,MX,30,24953649072.984867,False,9.029399322477653,0.48721060418324036,40863.0905359591,inf,inf,3.1798758938446205,3.271588349085561,0.8700189360415007,14300.333895137086,inf,inf,2.5395445543526174,0.8021291904370146,1.4991095513330472,12800.888963915608,inf,inf,2.197549407123934,pass,pass,fail,severe_vulnerable,4
106747,GRUPO HERDEZ SAB DE CV,MX,30,1370884201.645,False,5.452513948152551,1.2434096449881524,3396.646230942831,inf,inf,1.9750705894308624,2.133770406242058,2.220374366050272,1519.9749193279854,inf,inf,1.4479301376273621,0.7409405004046744,3.825875830732776,713.1121384085607,inf,inf,1.1663892145050379,pass,marginal,fail,marginal,3
106815,OTE - HELLENIC TELECOM ORG,GR,50,7248336942.299031,False,38.472858270103266,0.43227778146776746,423.7300878300026,1.1952893873906985,inf,1.2485620312641565,4.977737840043343,0.7719246097638706,27.48234918480141,0.07752425722087845,1.6139801588210472,0.523336946311962,-1.4258083210592487,1.3300854814392846,-39.64287860699889,-0.22365516844569192,2.43345933434888,0.1360008213943129,pass,fail,fail,fail,5
107037,INTERPUMP GROUP SPA,IT,20,4114862985.436931,False,10.462612709946406,0.6260404823075449,261.386480465977,inf,inf,4.065295036153041,3.019932663695932,1.1179294326920444,118.0464540609471,inf,inf,3.6607607492448544,0.5489021253123734,1.9262784071001382,61.617949868590046,inf,inf,3.4447026641916176,pass,pass,fail,severe_vulnerable,4
176152,GRUPO AEROPORTUARIO DEL CENT,MX,20,2127643015.68952,False,5.649617596238558,1.1573818253932866,5859.2262475086645,inf,inf,3.8940281497710307,2.445805380703677,2.066753259630869,2772.2008686048516,inf,inf,3.013520176207899,1.0448018623830293,3.5611748473639593,1110.7446629403157,inf,inf,2.5432488721457718,pass,marginal,fail,marginal,3
200258,ASELSAN ELEKTRONIK SANAYI VE,TR,20,40729920000.0,False,6.4846013252607975,0.30478847862800423,17155.339033129538,inf,inf,3.917733646101435,2.8446281782637914,0.5442651404071505,3178.0948885525413,inf,inf,3.6035077258548056,1.1785609187218387,0.9378107034707822,-7.9646854829015865,inf,3651.9302692419196,3.435682518450356,pass,marginal,fail,marginal,3
200865,BUMRUNGRAD HOSPITAL PCL,TH,35,1099381270.6645126,True,1166.3256915187335,-1.5733090720890024,4940.129012539624,1.2416411988259568,inf,12.84236380410395,440.5788743736918,-2.8094804858732183,2287.366622022189,0.5749017136016202,8.24696003696006,12.128849068292883,164.51720701443938,-4.840950991043084,1500.313062825377,0.7541707940064866,28.521985949872406,11.74776733439379,pass,marginal,marginal,marginal,3
201060,CASTROL INDIA LTD,IN,15,2201311648.03968,False,139.03194570821344,-0.8125741473828272,9652.275817219774,inf,inf,6.938920311536524,64.37759518617226,-1.45102526318362,5619.995957643071,inf,inf,5.726163491594341,29.800608527038875,-2.500228145793314,3877.524765596426,inf,inf,5.07844109912522,pass,pass,pass,highly_resilient,1
201099,CAPCOM CO LTD,JP,50,4535839089.132525,False,815.6084132801376,-2.2148006993535945,47705.50479680825,2.8337098186402288,inf,10.306542325372398,108.32576311557604,-3.9550012488457043,26147.992686212623,1.5531923187533485,inf,9.645960194416187,32.427051137689666,-6.814771382626445,16671.035308962684,1.9805209752257422,inf,9.293149283564574,pass,pass,pass,highly_resilient,1
201260,CHRISTIAN DIOR SE,FR,25,92327428343.80801,False,16.433178743164788,0.8785824172064399,16035.266434094374,inf,inf,2.2202866486644637,3.9236060579736423,1.5688971735829285,7646.48420309285,inf,inf,1.6638832154464807,0.4755061871389493,2.703330514481353,4110.104621440898,inf,inf,1.3667131999777853,pass,pass,fail,severe_vulnerable,4
201389,NIEN MADE ENTRPRSE,TW,25,3368999749.5,False,370.2807781882001,-1.6717766136398737,5589.38399341401,1.1921926013659914,inf,9.612980635545078,77.60928220675575,-2.9853153814997744,2838.0335963118455,0.6053408854961242,9.118638936357224,8.935116039081981,23.11053560884118,-5.143928041968842,1884.8549778595534,0.8040636184237107,36.733902495817034,8.573074720516464,pass,marginal,marginal,marginal,3
201395,TAIWAN SEMICONDUCTOR MFG CO,TW,45,279872647621.4936,False,95.6359947485107,-0.7694588135449791,834248.9768078639,1.4622702256568607,inf,7.968973156280373,18.562012051539757,-1.374033595616034,-1521.7566075963405,-0.002667332462904789,5.364370501262918,7.000086376138587,2.4989478029285364,-2.3675655801383972,-65418.82318244432,-0.22933200997915185,8.750571883237958,6.482612754926498,pass,marginal,marginal,marginal,3
201398,YAGEO CORP,TW,45,9386648353.6875,False,11.230248665956122,1.354312067429482,23781.125864403664,1.9264795168057263,inf,2.7745428736847644,2.1455975644439853,2.4184144061240747,9940.053379066052,0.8052313982068268,40.72873351806427,2.478612350925439,0.33294219810247644,4.1671140536291755,2155.626939574921,0.34924933063675495,24.38008550304588,2.320558548997163,pass,marginal,fail,marginal,3
202150,FENG HSIN STEEL CO LTD,TW,15,1227465584.352,False,109.87290005958924,-0.6337079609183748,1939.7501671231944,1.0106665981286684,inf,12.364126324638141,20.098122463581046,-1.1316213587828121,1013.362213588989,0.5279913663309791,3.6536022990754344,11.947443504883358,-0.0646542884524252,-1.9498706489796143,879.1232399200511,0.916097865885037,41.10817555113989,11.724896998877963,pass,marginal,fail,marginal,3
202233,OKINAWA CELLULAR TELEPHONE,JP,50,2066518406.77,False,18094.163851601428,-0.14165795976807963,14589.872888701073,2.5338438500696547,inf,12.067488797151908,6029.443130747332,-0.2529606424429993,7288.738817672599,1.2658455744481762,inf,11.450478399603881,1025.5201798360458,-0.43587064544024495,5240.741188827849,1.8203338620451022,inf,11.12093875545891,pass,pass,pass,highly_resilient,1
202427,NOJIMA CORP,JP,25,2280397874.8992,False,41.50047152662455,-0.7201508776822655,50668.52780161902,13.686798433716644,inf,2.9899849195147,5.563054943638573,-1.2859837101469025,34500.140568906645,9.31932484303259,inf,2.65404873252651,-0.1229515790834174,-2.2158488544069708,28051.634547368245,15.154853888367501,inf,2.474628269021454,pass,pass,fail,severe_vulnerable,4
202830,KALBE FARMA,ID,35,2891726282.9659,False,136.79096788675216,-0.7429010703817179,3678060.1838282645,inf,inf,10.660877570100403,56.80642505061241,-1.3266090542530675,2167053.7929438283,inf,inf,10.118079982349533,21.554729289046573,-2.2858494473283626,1651959.7197441864,inf,inf,9.828176725255316,pass,pass,pass,highly_resilient,1
203007,HARVEY NORMAN HLDGS LTD,AU,25,4407873139.1904,False,7.6119660758268575,1.8849645082279838,576.1573512415827,1.7449161434607219,inf,3.989798112309451,2.562960569589684,3.366008050407114,218.32217669528632,0.6611976568035758,2.500120155175173,3.612468632918194,0.7917915965431794,5.799890794547642,61.709656371352516,0.37378044514314407,2.7052702531449304,3.4109403882433185,pass,marginal,fail,marginal,3
203068,HILL & SMITH PLC,GB,15,2215509432.081875,False,13.493110295881092,0.3195168310274321,93.9175446806241,2.215036431146795,inf,5.794939274774872,4.2641525855387155,0.5705657696918431,48.3208250211495,1.1396420995554128,inf,5.177926795251453,0.743413740891925,0.9831287108536371,32.88776936160379,1.5513098755473484,inf,4.848386039142355,pass,pass,fail,severe_vulnerable,4
203113,SANOFI INDIA LTD,IN,35,1027147212.0,False,260.94435156810005,-0.5096636494197655,3430.2904824932757,1.2112607635922583,inf,7.242759043377774,112.84388263270004,-0.9101136596781527,2024.3726701962348,0.7148208581201394,3.255214259080096,6.109557672786325,49.33426792760171,-1.5681958443685093,1389.011906810315,0.9809406121541773,97.4133289640786,5.504325122584075,pass,marginal,marginal,marginal,3
203230,JSW DULUX LTD,IN,15,1483430188.236,False,56.692797909325606,-0.37402665038247895,3630.0334573114733,0.7972838693853445,3.1257904447936204,4.704985540725016,24.131744164177462,-0.6679047328258553,2032.3337360944247,0.44637244368425755,1.1445386647615612,4.088548181005213,9.264843734187712,-1.1508512319460893,1582.5096236262289,0.6951502849225693,4.157118165059668,3.759314591154864,marginal,marginal,marginal,marginal,3
203402,ITC LTD,IN,30,23253247392.78552,True,546.5807127946018,-0.7700274524556897,181097.8018889357,1.008525523851755,inf,10.073192278712446,254.8218933103321,-1.375049022242303,100875.037057804,0.5617685500936086,2.6370947673768335,9.181040168447273,118.46471701575355,-2.369315238325199,66471.28061390412,0.7403511517312391,8.901698360332365,8.704549836828374,pass,marginal,marginal,marginal,3
204138,NIPPON GAS CO LTD,JP,55,2297308426.6374,False,83.3202806285463,0.9051462378573434,19357.807145595776,2.0608758805063108,inf,3.254048672426948,4.710473538404843,1.616332567602399,10764.307001533634,1.145992441342876,inf,2.686072312706936,-0.7451099083702104,2.785065347253364,7095.083929758171,1.5107173277458044,inf,2.3827213024019303,pass,pass,fail,severe_vulnerable,4
204817,THE BOMBAY BURMAH TRADING CO,IN,30,1287877638.96,False,19.978736647085,-0.006653594209999503,22486.4921330025,18.95800861210829,inf,3.987802702367044,8.575684412857658,-0.011881418232141972,12586.676509481396,10.611629428600788,inf,3.1766743651922216,3.6498817834168245,-0.020472597569229242,8585.649346975812,14.476852440814742,inf,2.7434580942011237,pass,pass,pass,highly_resilient,1
204867,WIPRO LTD,IN,45,25013874576.510002,False,16.6283994550796,-1.8739721083411718,122073.85732084079,1.9454001166667856,inf,7.102350736663132,5.623647658964356,-3.3463787648949497,67980.52509967085,1.0833549816680614,inf,6.683632054402707,1.818642823442519,-5.766068025665144,44092.30487927325,1.40533242643102,inf,6.459998212740889,pass,pass,marginal,stress_resilient,2
206012,SEMIRARA MINING AND POWER CO,PH,10,2118472933.808,False,146.32841401844317,-0.13828501318115533,14204.92923206054,inf,inf,11.246388225013693,39.101915047980796,-0.24693752353777737,6754.383584953902,inf,inf,10.174120149819137,-4.734914678259605,-0.4254923482497087,4449.310993892901,inf,inf,9.601431518749317,pass,pass,fail,severe_vulnerable,4
206248,GAMES WORKSHOP GROUP PLC,GB,25,7081720604.4375,False,178.7736036111835,-0.31182763831699,192.66228379174265,1.1240506638958148,inf,12.255788067616978,55.103517895472166,-0.5568350684231964,105.6658789233759,0.6164870415599527,2.017217205132058,10.091973687406622,19.043637669291925,-0.9594696563599692,67.41924223231638,0.7866889408671689,7.253528638424811,8.93630009797609,pass,marginal,marginal,marginal,3
206524,BUDIMEX SA,PL,20,2878707472.2252,False,24.14186799084052,-2.742779768723126,374.7122861725927,inf,inf,1.380144749768412,8.156097456991356,-4.897821015577011,166.66080525665188,inf,inf,1.0551329488947956,2.119179836593447,-8.439322365301928,169.97076675609262,inf,inf,0.8815471007009323,pass,fail,fail,fail,5
206691,GEDEON RICHTER PLC,HU,35,2874146356.0152006,False,inf,-0.5568059549065204,200966.41904215945,inf,inf,11.192960919840914,62.15019054772228,-0.9942963480473577,108418.37466360928,inf,inf,10.657313727540975,10.873165352775391,-1.7132490920200625,73149.70743870182,inf,inf,10.371229431653509,pass,pass,pass,highly_resilient,1
207375,WEG SA,BR,20,33627904443.656475,False,42.0474161305576,-0.21560637478181333,3959.482846758413,inf,inf,3.609527125439657,13.128992230298223,-0.38501138353895237,1466.818289184711,inf,inf,3.017208188113071,4.4727355081347095,-0.6634042300978872,954.6395626964842,inf,inf,2.7008560284045537,pass,pass,pass,highly_resilient,1
207914,MARUWA CO LTD,JP,45,2267127863.1,False,inf,-2.6204634842229035,11808.296343732534,10.638104814173454,inf,16.778443172786105,inf,-4.679399078969471,3485.755952490219,3.1403206779191164,inf,16.209109565550406,inf,-8.062964566839703,2169.4913117130745,3.908993354437972,inf,15.905033661685888,pass,pass,pass,highly_resilient,1
208472,PFIZER LTD,IN,35,2618325693.288,False,79.21311813374258,-3.6866190270892703,5259.692426285813,3.2848441333286367,inf,13.04402032407345,32.73912848957025,-6.583248262659412,3072.5587587200553,1.918910041668783,inf,12.606336833754781,13.767143036172287,-11.343443160274678,2030.5612885428895,2.5362993861390075,inf,12.372574060516401,pass,pass,pass,highly_resilient,1
209183,TIS INC,JP,45,2510041770.0,False,110.7741804524001,-0.9678685427074647,48910.42167349055,2.8487635665146804,inf,6.363241796916228,19.681309914540446,-1.728336683406187,26169.476137154696,1.5242283264694914,inf,5.916218226659084,3.5252756245904475,-2.978057054484507,20616.730793884424,2.4016227845400926,inf,5.677467001635383,pass,pass,pass,highly_resilient,1
209301,UNILEVER INDONESIA,ID,30,4446764000.0,False,44.16266152567674,-0.8594886458464014,3632379.4802975114,inf,inf,1.5963975883913892,20.05337275988281,-1.5348011532971457,1999038.5639666063,inf,inf,0.7266415191393816,8.64671327628246,-2.644580448758158,1449837.1060966912,inf,inf,0.26211270942524134,pass,fail,fail,fail,5
209347,UNITED TRACTORS,ID,10,6839762292.1264,False,19.69902897721871,-0.2024346124828569,16682444.641158987,inf,inf,4.619024015370381,5.34474850045483,-0.36149037943367307,5234921.54404903,inf,inf,3.989697236337869,0.04100066647271222,-0.6228757307164828,2904104.0628355606,inf,inf,3.6535795248091416,pass,pass,fail,severe_vulnerable,4
209382,VALE SA,BR,15,11835553013.711359,False,5.145880323894147,0.7657535604751209,32034.123509196448,1.3700921050937278,inf,2.640048967329601,2.0784140739687436,1.3674170722770016,442.4691651500102,0.018924304569950395,1.8148067240973431,2.038008717037314,0.7060882897543004,2.3561648014619103,-8239.475646014873,-0.7048009619789464,2.088763214736993,1.716464492449388,pass,marginal,fail,marginal,3
210000,PETRONAS GAS,MY,55,7682782831.732201,False,26.557672218116846,-0.1174433309014927,708.7972489619597,0.4975108560420357,2.7131705645787214,5.6265008432167045,6.512552212527938,-0.20972023375266555,-426.4910155813024,-0.29935769441379223,1.049240528815417,5.094622415253668,-0.43677047344426845,-0.361364095081516,-422.0512754498176,-0.5924828056265238,1.7122178645699546,4.8105509821370465,marginal,marginal,fail,marginal,3
210201,DELTA ELECTRONICS INC,TW,45,57725854786.19925,False,29.57681667025478,-0.8278631598826187,29242.57576686346,0.9704984104796718,173.94428164206082,4.428543169660781,6.499832790110848,-1.478327071218962,2815.7744494435383,0.09344951858005683,5.660614495923818,3.9968632775211796,0.47279855757029227,-2.547271261177288,2486.881890640838,0.16506855901883405,12.292345322107,3.766306971492075,marginal,marginal,fail,marginal,3
210701,KIMBERLY-CLARK DE MEXICO SA,MX,30,1811483922.993815,True,5.463732465862138,0.865435990425875,7238.853414104575,inf,inf,3.453745894755007,2.193097962841461,1.5454214114747766,3011.394851898562,inf,inf,2.5778765891175475,0.8030928502099741,2.6628799705411543,1125.5729911119815,inf,inf,2.110082755424813,pass,marginal,fail,marginal,3
211175,MR PRICE GROUP LTD,ZA,25,1264298896.53225,True,7.424804396385939,0.49004652526315545,6281.710513669221,2.658362468755489,inf,4.9580826539043645,2.058977295736366,0.8750830808270634,3506.697887654763,1.484002491601677,inf,4.11993821402946,-0.09853170096431337,1.5078354623481707,1967.7070559233293,1.6654312788178836,inf,3.6722928881871812,pass,marginal,fail,marginal,3
211225,GUJARAT GAS LTD,IN,55,3073386552.0750003,False,57.94746855681387,-0.619478130897323,11465.774400581617,2.86186461675859,inf,5.09872732179233,23.376927942554833,-1.106210948030934,5193.906664325704,1.2964024222058965,inf,4.5393560966836,6.942202159528823,-1.9060865566071472,4444.835805189026,2.2188677142517106,inf,4.2406010105459835,pass,pass,pass,highly_resilient,1
211415,SOPRA STERIA GROUP SA,FR,45,3024703778.004,False,11.703134973752972,1.0145353703296551,447.2651624114074,inf,inf,1.1905385104480646,3.1152301278068664,1.8116703041600986,266.96299095038813,inf,inf,0.8447360192961362,0.562057283138637,3.121647293322016,182.66340371160993,inf,inf,0.6600460524309019,pass,fail,fail,fail,5
211447,KUEHNE & NAGEL INTERNATIONAL,CH,20,23206428387.01143,False,33.12187055033417,1.2291949459840747,1881.5701456375314,2.6389483108520775,inf,2.280210358642307,4.084345480945922,2.1949909749715624,1220.4942815570173,1.7117731859144703,inf,1.6443028762778056,-0.3617467042302181,3.782138295335615,891.3053964429303,2.5001553897417397,inf,1.3046704709240382,pass,pass,fail,severe_vulnerable,4
211453,ORION CORP,FI,35,8108913621.240001,False,63.11062608158756,0.25182677501005896,364.8803504017635,1.4410756334982762,inf,8.085759378790058,18.523343232223237,0.44969066966081955,189.83799622498756,0.7497551193719888,2.5393767623152863,7.241579394003556,6.376729942566164,0.774851615415566,120.31473888057315,0.9503533876822524,25.59957286463103,6.790710538492583,pass,marginal,marginal,marginal,3
211503,TELEPERFORMANCE,FR,20,3489286394.2320004,False,4.611348512353797,2.0160082292716393,1209.1725395988478,inf,inf,2.73428842907221,0.9944558073128611,3.6000146951279275,586.0588295671398,inf,inf,2.226789847304243,-0.21187673460555512,6.203102243912736,176.1622671595009,inf,inf,1.9557394684054419,pass,fail,fail,fail,5
211801,ACCTON TECHNOLOGY CORP,TW,45,24391794982.59,False,310.03065346031957,-1.4732145251671003,20010.34555550416,2.377438175259691,inf,5.015538113641338,100.68850410473573,-2.6307402235126793,11643.82418608233,1.3834080000877211,inf,4.339864602656899,38.78008645479764,-4.532967769744925,9157.07262303885,2.1759118519219847,inf,3.9789935229265736,pass,pass,pass,highly_resilient,1
212427,FORTESCUE LTD,AU,15,58654281687.9,False,22.205141716263086,0.1188847690719663,4141.3877364567725,1.904962160283704,inf,6.34202223921011,6.543746924567054,0.2122942304856541,1131.3021324157926,0.5203781657846333,4.150770932357809,5.43650564041584,1.010702271477918,0.365799289452204,498.0860143484509,0.45822080436840007,7.34912076372526,4.952877456968899,pass,marginal,fail,marginal,3
212481,MAINFREIGHT LTD,NZ,20,2873206495.447,True,13.567025504025105,1.141977195952939,578.8316083625785,3.3419452914087513,inf,3.5019267033648864,3.1219102046788056,2.0392449927731056,273.58743568304385,1.5795858920973422,inf,2.7597704283026285,0.032661707982726294,3.513775987547505,156.6193177904507,1.8085162733738722,inf,2.363391508667105,pass,pass,fail,severe_vulnerable,4
212635,COCHLEAR LTD,AU,35,5032173448.0941,False,48.771923410343746,-0.06380692967282868,422.1183681353359,1.5005985358525982,inf,6.405707313903826,16.58769557131968,-0.11394094584433692,235.1397861557881,0.835903967848518,5.972675970056633,5.749568632651879,5.5482487855873766,-0.19632901437793435,157.40796964398416,1.1191466025167731,inf,5.399130927892317,pass,marginal,pass,marginal,3
212712,SYSMEX CORP,JP,35,3295567400.28888,False,46.555040320670244,-0.1925532066675533,75816.25342465118,4.162983385935163,inf,7.694634156908005,10.287386253367078,-0.3438450119063452,37369.136917804666,2.051896382484333,inf,7.121391204141082,0.637995934301067,-0.5924714051309332,25839.287317348848,2.8376111703655664,inf,6.81522735436784,pass,pass,fail,severe_vulnerable,4
212748,LITEON TECHNOLOGY CORP,TW,45,10873787043.640501,False,11.165954408758836,-2.885106899655609,7715.552708095764,0.677761306852942,22.073922971003217,3.8622437824954017,3.823001906943082,-5.151976606527873,2532.401846533628,0.22245509167249827,9.148117381547918,3.580008014163434,1.1288083106824363,-8.877251998940334,2008.9838588811235,0.3529524266519564,21.986241456712225,3.429268456077042,marginal,marginal,fail,marginal,3
213095,JD SPORTS FASHION PLC,GB,25,4601423848.579668,False,7.218353664326375,1.5957265217753955,1006.5560829814515,19.356847749643297,inf,2.5432820405363894,1.2085903668751476,2.849511646027492,443.2114064696128,8.523296278261785,inf,1.9835253696959154,-0.5539050774870123,4.909927759308909,169.52763595862902,6.520293690716501,inf,1.6845644204970263,pass,fail,fail,fail,5
213098,CLICKS GROUP LTD,ZA,30,1981509496.2850502,True,11.185238255773546,0.13215505941787686,3677.7032088211217,1.7652283432830818,inf,2.9229330931901245,3.2635767553916977,0.235991177531923,2130.8769319398275,1.0227808343224118,inf,2.1438203400771796,0.10029949774080743,0.40663095205500577,1556.8696996558192,1.4945363258456132,inf,1.727703301482766,pass,pass,fail,severe_vulnerable,4
213455,ABU QIR FERTILIZERS AND CHE,EG,15,2175536835.066,False,5710.441188422842,-2.2298354817255044,7455.623558354447,inf,inf,9.247640046365492,2922.6674154819175,-3.98184907450983,4249.755445178489,inf,inf,8.51865967925592,1545.2015411578186,-6.86103225146309,2704.499987402695,inf,inf,8.129317892276946,pass,pass,pass,highly_resilient,1
215844,CELEBI HAVA SERVISI AS,TR,20,1176411600.0,False,8.753711757866112,1.2061548693546962,1343.343470675843,inf,inf,3.046440666282222,2.74544926802729,2.1538479809905287,-384.19442142152775,inf,11.230436360933153,2.4055378394797295,0.7400965955311432,3.711245751860604,-643.0260368738017,inf,6.709947580002557,2.0632374660738533,pass,marginal,fail,marginal,3
216603,DORMAKABA HOLDINGS AG,CH,20,2458561869.5745,True,8.363033390442931,0.9227572781227164,213.00512395201153,5.56149148699769,inf,1.8295605150624104,2.324193032863842,1.6477808537905647,104.06686941312643,2.717150637418445,inf,1.3118902641226953,0.4024777046423481,2.8392531634545115,58.060470379205,3.0318783487835512,inf,1.035407289188984,pass,marginal,fail,marginal,3
221261,COCA-COLA HBC AG,CH,30,19650079539.09,False,9.869994879831417,0.7358845260594846,523.2890092318413,1.202648062879708,inf,4.10121815683727,2.519012877607371,1.3140795108205083,23.90084516983123,0.05493007618654245,6.496630685619314,3.671159967981424,0.4312139045223618,2.2642600801830297,-59.758512666201966,-0.27467979732300946,9.633431517463002,3.4414697989334155,pass,marginal,fail,marginal,3
221489,SQUARE ENIX HLDGS CO LTD,JP,50,4687178167.11375,False,inf,-5.013713214674935,28308.101204315477,4.212515060165994,inf,11.586599292939157,inf,-8.953059311919526,15245.726674416668,2.2687093265500993,inf,11.235497280761404,inf,-15.426809891307492,12230.86914140253,3.6401396254174196,inf,11.047976887893741,pass,pass,pass,highly_resilient,1
221858,RECKITT BENCKISER GROUP PLC,GB,30,45165274775.5182,False,7.66306987817068,1.7318639577114263,2076.858918849648,1.4855929319382317,inf,4.116771633672586,2.6972075604142502,3.0926142101989758,858.1009945558028,0.6138061477509319,3.615491009089763,3.6755778008310016,0.9427197204702898,5.328812177573619,328.84303150151436,0.47044782761303916,5.273438476433777,3.439940185563337,pass,marginal,fail,marginal,3
222066,HANJAYA MANDALA SAMPOERNA,ID,30,5625142198.884,True,301.59381918139496,-0.44671904624048425,6882626.507422615,inf,inf,4.799030919672688,113.54206638364288,-0.7977125825722933,4141385.6791566648,inf,inf,4.239434082085277,40.74966913846981,-1.374520142278413,3005814.09241235,inf,inf,3.9405584983738193,pass,pass,pass,highly_resilient,1
222741,C UYEMURA & CO LTD,JP,15,2411927037.0,False,695.0762606635868,-2.7904370902922855,12033.815496446874,3.732573044803621,inf,11.219029473960116,167.1702150703151,-4.982923375521938,6831.726678010248,2.1190219224597544,inf,10.805840646316193,50.81502837202646,-8.585960277822418,4886.071286345234,3.031061592025579,inf,10.585160249733644,pass,pass,pass,highly_resilient,1
223053,HERO MOTOCORP LTD,IN,25,13157903735.52,False,87.29289912233577,-1.2205441480845487,32616.41527086517,0.9883223118395108,186.50972538886595,6.918171499797561,34.176892221664325,-2.1795431215795515,19062.4350516845,0.5776180405821651,5.156475941802935,6.364566111891194,12.858483450450215,-3.7555204556447648,15227.925713031183,0.9228542511639476,56.46461262870793,6.068890506986657,marginal,marginal,marginal,marginal,3
223152,CIPLA LTD,IN,35,6491163964.2366,False,121.52738860550345,-1.606471617252383,38125.017348106965,3.631299871236019,inf,11.967192712016615,48.435254144059606,-2.8686993165221124,19834.860214939894,1.8892142313496423,inf,11.465383816759925,17.3173916198242,-4.9429895915457935,14108.117263134762,2.687516385014718,inf,11.197372247702376,pass,pass,pass,highly_resilient,1
223492,ASSA ABLOY AB,SE,20,19327678646.508,False,7.1036383118349535,2.163768297327315,18701.74848153353,2.6307258452714493,inf,3.2159578684253334,2.2896203379460864,3.8638719595130624,9517.584149658778,1.3388135677140776,inf,2.7976534229238106,0.6167777395169962,6.657748607160969,4636.903508664529,1.3045220787049512,inf,2.5742408213491337,pass,marginal,fail,marginal,3
223732,TREND MICRO INC,JP,45,2627208755.899592,False,inf,-2.9341641328663663,64659.69491779714,2.6765334430746393,inf,2.9149817403916707,inf,-5.23957880868994,41436.0191539664,1.7152090054626377,inf,2.363604788900039,inf,-9.028197331896513,29608.94613104543,2.4512746196742636,inf,2.0691193716260994,pass,pass,pass,highly_resilient,1
226256,ALTEN SA,FR,45,2279855795.3640003,False,inf,-0.12544346444207177,365.4469527773251,inf,inf,3.7401253890553168,27.387231882575815,-0.22400618650369963,247.52351355530206,inf,inf,3.359305625659287,4.189387318863132,-0.3859798905909901,194.90106590263065,inf,inf,3.155913252027317,pass,pass,pass,highly_resilient,1
226803,ROYAL UNIBREW,DK,30,4221819999.9999995,False,8.90055591154947,1.9363740746272236,1418.3542334155259,inf,inf,1.8502357910736664,2.5205270522524192,3.4578108475486133,511.8883707126944,inf,inf,1.3713052458978292,0.4719784608966063,5.958074075776072,196.49266781339458,inf,inf,1.1155127956334616,pass,marginal,fail,marginal,3
226899,TRUWORTHS INTERNATIONAL LTD,ZA,25,1215792228.2518249,False,6.731069062537862,1.0522277930903297,3111.7305200145383,inf,inf,6.134503466735373,1.979010129593118,1.8789782019470171,1591.1590912081415,inf,inf,5.395852019684261,0.1184458465022901,3.2376239787394754,798.8123920063001,inf,inf,5.0013449968274175,pass,marginal,fail,marginal,3
228918,GEBERIT AG,CH,20,21780422246.664,False,26.485053198127282,0.8331802657074363,545.7771490795493,1.28309165409981,inf,2.7910176829596622,6.38083115033986,1.4878219030489936,252.50420348454753,0.5936233069899393,3.3889324100000464,2.083628607936667,1.6840791634672192,2.563631586792112,142.7005734508535,0.6709621871814929,8.370971918477167,1.7058185337766578,pass,marginal,marginal,marginal,3
229518,TECHNOPRO HOLDINGS INC,JP,20,3395727500.0,False,306.3894668432254,-0.8420307206050609,22611.662711520457,2.5255961925075905,inf,5.585025661039625,29.50335992127092,-1.5036262867947516,14903.616118451457,1.6646505214399037,inf,4.988074061119031,7.8953615054677115,-2.5908637557078795,11295.80663124415,2.5233567812452025,inf,4.669247638434168,pass,pass,pass,highly_resilient,1
229521,SWECO AB,SE,20,4446915879.463201,False,13.385863235853844,1.1020351740803511,3256.5871901730206,inf,inf,2.711049421365692,3.0916122052617183,1.9679199537149128,1948.8038264968916,inf,inf,2.2538524815056107,0.10597614384931679,3.3908774587087724,1279.0861157416425,inf,inf,2.0096677522621578,pass,pass,fail,severe_vulnerable,4
231127,USS CO LTD,JP,25,2920465680.0,False,5972.7406345293075,-1.9303994666807247,42825.24928307282,2.174422405842743,inf,9.830669613649874,515.3308496851151,-3.447141904787009,24348.034598520775,1.2362546127707934,inf,9.17768400248545,140.70385987852455,-5.939690666709922,15519.72351699867,1.5760064500633328,inf,8.82893032379536,pass,pass,pass,highly_resilient,1
234178,CLAS OHLSON AB,SE,25,2004879360.0,False,15.676056687604323,0.3759280733584186,1390.8901590929456,inf,inf,3.885772257743161,2.72856218956696,0.6713001309971762,875.4099890920494,inf,inf,3.0486812371991503,-1.0821317360182945,1.1567017641797497,578.0176522736097,inf,inf,2.601598533044963,pass,marginal,fail,marginal,3
234225,LIFCO AB,SE,20,6485714892.4800005,False,12.497525009056789,1.3060245499805385,4874.242652771378,3.9744313867998837,inf,3.2429725173614274,3.248811557947481,2.3321866963938187,2696.485885551972,2.198700167605978,inf,2.742548524895951,0.4760699964573456,4.018537076863195,1557.4543162009304,2.5398798372487446,inf,2.4752766198291623,pass,pass,fail,severe_vulnerable,4
235543,MYCRONIC AB,SE,45,3720890008.5657597,False,108.9026083620913,-0.9283875491444005,1560.758256616664,2.4520946686828973,inf,6.953014864120652,38.20170415722492,-1.6578349091864297,932.8946237053318,1.465663195137992,inf,6.377100951752446,13.434246804675107,-2.8565770742904637,639.5651834004158,2.0096313696792327,inf,6.06951056673761,pass,pass,pass,highly_resilient,1
238178,CYIENT LIMITED,IN,45,1144495496.7468,False,10.325386919307594,-0.5893605457615607,8123.469295838084,2.825554537682812,inf,7.63785469902512,4.064383753225896,-1.052429546002787,4738.482805669327,1.6481679324067224,inf,7.1669724419628675,1.1557576326929324,-1.8134170638817253,3365.2325211473776,2.3410313190590455,inf,6.9154785092137105,pass,pass,fail,severe_vulnerable,4
239498,OTSUKA SHOKAI CO LTD,JP,45,7839221468.232,False,1323.490064984933,-2.4983820050912042,71423.12576549289,1.506816999272002,inf,6.209592176161008,216.23503246408416,-4.461396437662866,52198.74042867601,1.1012392495501266,inf,5.81216032561537,63.550006111118094,-7.687329246434475,46048.60462378519,1.9429790980500081,inf,5.599895587255768,pass,pass,pass,highly_resilient,1
240204,ADVTECH LTD,ZA,25,1182425086.17142,False,7.669236953787726,1.1207476867945638,695.3568685357684,inf,inf,2.844631272170756,2.6857084630379497,2.001335154990293,-21.456153619969854,inf,18.418958355712746,2.2377219229173777,0.707514789677933,3.44845442090635,-133.77502363450031,inf,2.9542136436452004,1.9135771568388689,pass,marginal,fail,marginal,3
241413,SOC MINERA CERRO VERDE SAA,PE,15,20303248696.0,False,155.76282768103488,-0.428697662751374,1027.695199408874,0.9342683630989764,15.048419898879304,10.134186331929136,61.24964511318646,-0.7655315406274535,322.19881166896954,0.29290801060815413,1.3989088938456578,9.404637724945916,20.605184650820615,-1.3190697315426891,185.82253105788413,0.3378591473779712,2.987754852491832,9.014992446216242,marginal,marginal,marginal,marginal,3
241456,DEUTSCHE POST AG,DE,20,56523420000.0,False,5.165590958516836,2.1359705365845363,5413.481893308603,2.5499208164430534,inf,1.8880402806779482,0.6717315780914099,3.814233101043815,2240.0031470037566,1.0551121747544778,inf,1.452197302613516,-0.6113578485437746,6.5722170356447265,691.062987100395,0.651024952520391,13.713532457883119,1.2194175302381944,pass,fail,fail,fail,5
242084,REPLY SPA,IT,45,3820230558.7920003,True,37.14023615085772,-1.0774829145621807,294.0267782149114,5.842558931245135,inf,5.014681093955247,12.116550283813964,-1.9240766331467511,172.92592080035038,3.43618322504422,inf,4.551335506201578,3.2659063566177013,-3.3153320448067096,126.0837979198462,5.010781834867211,inf,4.303866840014959,pass,pass,pass,highly_resilient,1
243480,ADVANTECH CO LTD,TW,45,9456957010.5255,False,138.08350795880605,-1.293211784157092,7374.854904499948,0.9258335496164837,32.48816722447726,7.542977527531659,48.948809341114284,-2.309306757423379,3664.9082515199716,0.46008973186077146,4.4628379652972585,7.023624220148013,18.602437911428897,-3.9791131820218215,2673.533233962484,0.6712665662091307,14.65948878226026,6.746242340068111,marginal,marginal,marginal,marginal,3
243484,UNITED INTEGRATION SERVICE,TW,20,6423724656.09,False,612.1701847378223,-3.4803031331768204,6401.686717771504,inf,inf,3.0182870180276966,250.11285570572545,-6.214827023530037,4236.636766952042,inf,inf,2.6974561155282144,112.15172042787792,-10.708625025159446,3235.550529525739,inf,inf,2.5261032471478093,pass,pass,pass,highly_resilient,1
243592,GREATEK ELECTRONICS INC,TW,45,1417364939.05965,False,4471.038218564296,-0.8873010621820508,2881.7989184252715,1.6886813645083036,inf,11.25369065015622,535.1113111202471,-1.5844661824679482,864.9448343181514,0.5068418249802532,7.011551710046484,10.55551117317021,-417.39901771696253,-2.73015711440631,466.4584404842848,0.5466721989012665,15.255204013530197,10.182619861598138,pass,marginal,fail,marginal,3
243773,MPHASIS BFL LTD,IN,45,5005489767.9408,False,12.512538526209422,-0.5920218335768795,18435.00478969639,1.7013587600061644,inf,5.628380398523906,4.674088739083679,-1.057181845672999,11169.09373222998,1.0307909154046049,inf,5.123136324126542,1.4583034237139958,-1.8216056417750137,7649.231006651327,1.4118885597199062,inf,4.853290057118859,pass,pass,fail,severe_vulnerable,4
244417,RATIONAL AG,DE,20,8146798699.320001,False,162.7780139815319,-1.495279104997018,233.38600556000287,1.2829046040017749,inf,12.193119318622696,64.82130674875624,-2.6701412589232465,131.4236831136016,0.7224256987335181,10.780548633372367,11.328604110589634,25.978799818147472,-4.60085878460621,89.46893430700094,0.9836074572009779,365.09323670713945,10.866874397208338,pass,marginal,marginal,marginal,3
245663,IND DE DISENO TEXTIL SA,ES,25,170991995328.0,False,20.362875518784076,-0.4707143567901382,6321.197956462582,inf,inf,5.654971966287155,5.805499913018336,-0.840561351410961,3107.975855619046,inf,inf,4.7692707366009195,0.5407651977836443,-1.4483518670465787,2024.5807811337854,inf,inf,4.296225761654862,pass,pass,fail,severe_vulnerable,4
245672,ALLWYN AG,CH,25,5658332558.6664,False,29.645837367668317,0.21151329867628124,695.1335798798327,inf,inf,3.0340825235186406,8.237720633526303,0.3777023190647879,392.8398747327063,inf,inf,1.7849596920210131,2.462644969141284,0.6508101497731731,231.53402221094555,inf,inf,1.117814543380235,pass,pass,marginal,stress_resilient,2
246780,TEMENOS AG,CH,45,5680664613.0,False,17.51302683406769,1.4882246782228357,298.8220125101095,2.5207475010342866,inf,2.075886294611745,2.8515709372273412,2.6575440682550644,172.78733700566127,1.4575674807512866,inf,1.5787050307344241,-0.029970945326962244,4.579152856070264,91.62291875438078,1.5457913662217855,inf,1.3131650375272188,pass,marginal,fail,marginal,3
247732,DE LONGHI SPA,IT,25,5696065294.3656,False,145.7135823788782,-1.007919418674758,371.6685212573195,inf,inf,4.767667059423302,13.514905615634918,-1.799856104776354,223.8166669040989,inf,inf,4.385709574470778,2.311090850027775,-3.1012905189992557,166.94960565862885,inf,inf,4.181709554098407,pass,pass,marginal,stress_resilient,2
248015,REA GROUP LTD,AU,50,14725890700.5936,False,73.139874497183,-0.4027129568559072,712.0224928398935,2.173450832844608,inf,7.236744231683172,31.114258542770386,-0.7191302800998343,425.6680959903403,1.299353162363676,inf,6.274287138736307,11.845720990830419,-1.239116790325868,278.2194351729654,1.6985313502623038,inf,5.760247555003322,pass,pass,pass,highly_resilient,1
248872,SAUDI CEMENT CO,SA,15,1334326770.0,False,24.283085199269962,0.27467765815244033,389.0979439282111,1.4128465647356978,inf,5.4138488797917335,6.904691570426118,0.4904958181293577,178.8776535997983,0.6495194393601972,0.4556457819378923,4.76416768407884,0.12863897466583218,0.8451620250844318,110.07561403555817,0.7993871752763848,1.5920715869163997,4.417178863641272,pass,marginal,fail,marginal,3
248962,SABIC AGRI-NUTRIENTS COMPANY,SA,15,17355246395.137558,False,1612.6375367297414,-1.9939265507289274,4219.637631271029,1.266321838806503,inf,10.781811049889134,348.1071123986021,-3.560583126301656,2243.094723511776,0.6731572905323139,11.870843231691747,10.083650067353332,98.66632326521359,-6.13515861762747,1448.6088701630845,0.8694609388170486,59.444254161971756,9.710768633498983,pass,marginal,marginal,marginal,3
249780,ECLAT TEXTILE CO LTD,TW,25,3292816882.6665,False,131.0315695143056,-1.156192173494457,6053.02918444887,inf,inf,12.341803087995237,54.693311974543036,-2.0646288812401017,3675.237643291367,inf,inf,11.638953806793687,22.425444714213278,-3.5575143799829445,2593.8652361958825,inf,inf,11.26356839524286,pass,pass,pass,highly_resilient,1
250060,HOME PRODUCT CENTER PCL,TH,25,2417532927.9763503,False,11.226926862963591,1.8241975955200216,5404.430250503415,1.0875702568995878,inf,1.1930001173235598,2.366335819746939,3.257495706285753,1883.0717602819109,0.3789433378105659,1.4542131293581315,0.7089770642854771,0.10114449267973115,5.612915678523143,669.9661060514798,0.269643672431355,2.4731729380309297,0.4504647518674103,pass,fail,fail,fail,5
250684,ARCA CONTINENTAL SAB DE CV,MX,30,8973284274.69012,False,8.833559528902653,0.7350154672531596,17380.640081178193,inf,inf,3.1185497636490793,3.0215028080911046,1.3125276200949278,2862.685730459789,inf,inf,2.6300406755624373,0.8092231163066419,2.2615860530866447,388.32432434388556,inf,inf,2.3691324126070716,pass,pass,fail,severe_vulnerable,4
251866,RADIANT OPTO-ELECTRONICS,TW,45,1453117191.4224,False,18.053106532768847,-3.1026764857224283,3069.946214727353,1.9057998258846622,inf,5.267434061463983,4.764348529963138,-5.540493724504337,1006.9710602473172,0.6251201607649884,57.44253586558544,4.957910688242796,1.2847051408915091,-9.546696879145934,635.7614885363902,0.7893520273054252,204.4553131471619,4.792597068454208,pass,marginal,fail,marginal,3
252384,INTERTEK GROUP PLC,GB,20,7596872683.8468,False,11.582732516133795,1.717140828416439,445.72801009049704,1.7123626972358703,inf,2.530108499014784,2.779425103968793,3.0663229078864975,201.83568565067833,0.7753964104905045,5.630785268994084,1.9262992455305956,0.40743879180219267,5.28351024128135,93.81963770588207,0.7208577618584869,9.06129141611393,1.603810212419722,pass,marginal,fail,marginal,3
255700,ORACLE FINANCIAL SVCS SOFTWA,IN,45,7010202382.2,False,1541.3239898324248,-1.873817335048474,23443.859847486372,inf,inf,13.210481263120851,582.3759851003832,-3.3461023840151314,13720.93151459237,inf,inf,12.29098561178656,249.79552651440275,-5.765591800149149,8778.245700433072,inf,inf,11.799891343460292,pass,pass,pass,highly_resilient,1
256183,TEST RESEARCH CO LTD,TW,45,1722546126.0,False,1070.206752302422,-0.5414102472102935,1887.9208883833298,1.1417642499016214,inf,10.305136514647849,419.094384996672,-0.9668040128755242,1036.0143974946645,0.62655390314353,2.5558269272573635,9.615289179570041,173.66041514089602,-1.6658776837239802,684.991886224582,0.8285296825479126,11.132697535147745,9.246847989244396,pass,marginal,marginal,marginal,3
257190,SIMPLO TECHNOLOGY,TW,45,1817890260.732,False,857.1959794633143,-3.4629169542291462,4366.283193201851,inf,inf,5.677447539934273,100.60201273703491,-6.183780275409189,1950.9998631930366,inf,inf,5.331833793961852,13.592129480277471,-10.655129089935835,1901.3317390406014,inf,inf,5.147244634181128,pass,pass,pass,highly_resilient,1
258559,KAKAKU.COM INC,JP,50,2397817042.355,True,inf,-1.3617033049665528,25952.091086198387,2.7355424355642866,inf,9.487505237203113,179.44629032582114,-2.43161304458313,15377.301008271099,1.620881312139886,inf,8.405126995649507,42.40734002364295,-4.189856322974008,10078.448353014475,2.124686065777269,inf,7.82703861663792,pass,pass,pass,highly_resilient,1
258858,JB HI-FI,AU,25,5636450988.9006,False,21.370079440442375,0.40635934451648015,747.536240220475,2.74023548467916,inf,3.688673762505126,6.506174697385807,0.7256416866365716,492.9262945234659,1.8069145693675437,inf,2.8822761954911407,1.341080916982076,1.2503364446660925,399.4275280716544,2.9283543113757653,inf,2.451586585835944,pass,pass,fail,severe_vulnerable,4
269005,CPFL ENERGIA SA,BR,55,9744892340.1456,False,3.970910169135056,2.369077683612992,7921.1844699724725,1.8422734511047156,inf,1.827212938741917,1.4564053147953384,4.230495863594629,3605.5311581845845,0.8385582175284677,4.18510557117385,1.3568616462954317,0.45071016925828794,7.289469795732283,726.3791986547383,0.33787601290921404,2.04085916358504,1.1056512969206045,pass,fail,fail,fail,5
270827,KING SLIDE WORKS CO LTD,TW,45,9005573304.0,False,294.88196172338064,-2.2360430420375614,6668.89108133775,1.3721571781077893,inf,13.066937905525686,79.92173882170898,-3.9929340036385024,3508.19946554914,0.721829314675437,17.814329424007468,12.221348694963016,29.3614340215571,-6.88013243703865,2122.820390184769,0.8735614964163744,78.38473382748,11.769727184776137,pass,marginal,marginal,marginal,3
271210,PETRONET LNG LTD,IN,10,5013900294.148801,False,21.324552638522405,-1.2214522254723839,31433.33102873347,2.0955552622118807,inf,8.990618375451389,8.662849247859176,-2.181164688343543,15981.132376090736,1.0654087540454655,inf,8.329142970567071,3.321226631305724,-3.7583145399150273,12998.683209338376,1.7331576457012738,inf,7.97585497023113,pass,pass,pass,highly_resilient,1
272686,INTERNATIONAL GAMES SYS CO,TW,50,6231477896.28,False,42356.05522906518,-1.4253740739404608,9082.650889525486,0.8952961865131932,16.223891064035218,11.706224735127932,17134.08684444308,-2.545310846322251,5314.317993134273,0.5238436103118933,3.5675322242587257,10.30298479516312,7678.8469063717985,-4.385766381355263,3357.6896453457834,0.6619491977699404,10.049988065657468,9.553527099954641,marginal,marginal,marginal,marginal,3
273071,HIAB OYJ,FI,20,2610431697.4640045,False,16.43940186667921,-1.0925814676229124,129.67391774008559,1.7199957255423068,inf,6.6284051077958,4.638083870260502,-1.951038335040915,78.37939393444793,1.039624813434422,inf,6.28118984351714,1.073569465853218,-3.361789131147422,57.78089826552781,1.5328124539878982,inf,6.09574532736831,pass,pass,fail,severe_vulnerable,4
274522,HIKMA PHARMACEUTICALS PLC,GB,35,2632677122.5499997,False,7.783635517196771,1.3698221869211398,472.89539741078204,2.5561913373555787,inf,4.5642869843713525,2.4493383852122976,2.4461110480734636,181.1914225500379,0.9794130948650698,92.94809010737696,4.088504862214366,0.5485945697846755,4.214837498218891,63.11883887800558,0.6823658257081685,12.048536765791718,3.8343939560623395,pass,marginal,fail,marginal,3
274722,IPSEN SA,FR,35,13958135901.935999,False,29.510081419243942,-0.3911751176971181,1023.2104544260299,inf,inf,4.299452611149999,7.923250810179354,-0.6985269958877108,576.2808544785767,inf,inf,3.693579265776944,1.4112409932628487,-1.2036157467603634,370.2346476884597,inf,inf,3.3699878199526987,pass,pass,fail,severe_vulnerable,4
274959,HYUNDAI GLOVIS CO LTD,KR,20,12740625000.0,False,9.879658184281247,-0.2868821313053765,1330991.2107508695,inf,inf,3.768523492259803,2.471023536144696,-0.5122895201881723,753843.5412454869,inf,inf,3.3745213028953076,0.0786241991003184,-0.8827142501703892,587774.9884312102,inf,inf,3.164088315393816,pass,marginal,fail,marginal,3
275074,JARIR MARKETING CO,SA,25,4368546000.0,False,22.47648211040954,0.3484676133476929,942.491041526412,inf,inf,3.9954186128747446,8.56352916280671,0.6222635952637374,596.7840632547907,inf,inf,3.086043405535994,3.109011771931277,1.072208041069824,456.6087847460839,inf,inf,2.6003543743437074,pass,pass,pass,highly_resilient,1
275527,GUJARAT STATE PETRONET,IN,55,1838539189.8336003,False,86.0544768286957,-0.9418323209645539,19357.596267577468,6.861823872249823,inf,6.105832227959532,36.25761734990649,-1.6818434302938459,8928.281484843388,3.164870998651707,inf,5.582812471225839,12.164970598233417,-2.8979456029678583,6651.23279758768,4.715418935234332,inf,5.303472373879435,pass,pass,pass,highly_resilient,1
275802,RIGHTMOVE PLC,GB,50,4930776406.779,True,2914.704974740605,-0.11688068770008021,230.32343056765626,2.854494231703057,inf,21.896915261092605,662.7467769341556,-0.20871551375014324,133.60975111788753,1.6558813097100873,inf,14.846879790391581,233.71961658272832,-0.35963288523101594,83.0944399344883,2.0596480253442473,inf,11.081519936721717,pass,pass,pass,highly_resilient,1
276879,HUMAN SOFT HOLDING CO,KW,25,1203157799.2979999,False,1214.0981780494524,-1.4795852556178304,33.88700354026104,inf,inf,13.435939597776835,502.63709195277426,-2.642116527888983,19.80871698254618,inf,inf,12.436883242914414,211.91744109258835,-4.552570017285632,12.682067400584838,inf,inf,11.903296326112894,pass,pass,pass,highly_resilient,1
278569,JYP ENTERTAINMENT CORP,KR,50,1665585562.5,False,1210.933617104761,-1.3882184330816947,170362.46078688977,inf,inf,6.7553920388469,298.06581489550683,-2.478961487645883,103014.54958065829,inf,inf,5.961328965478103,97.29982704547682,-4.2714413325590606,70627.19063823919,inf,inf,5.537227096747039,pass,pass,pass,highly_resilient,1
278736,TECH MAHINDRA LTD,IN,45,15711355212.999601,False,91.80992858700017,-0.6807899091051627,57204.37741836384,1.298712225994139,inf,5.9498331268564275,24.077508212625624,-1.2156962662592192,36240.14135428375,0.8227607181938327,9.453994666663847,5.427082667509413,4.803125800609976,-2.0947381818620388,27826.365160968246,1.2634851481811813,inf,5.147886399449075,pass,marginal,pass,marginal,3
278971,POYA INTERNATIONAL CO LTD,TW,25,1653019395.867,False,16.07518943152657,2.1695377390139083,4531.287212493957,inf,inf,2.227007083827498,1.358182110720962,3.8741745339534077,2325.497798996615,inf,inf,1.607728946760979,-0.7895172683399427,6.67550073542741,947.6091079140476,inf,inf,1.276978123554997,pass,fail,fail,fail,5
279381,EMIRATE INTEGRATED TELECOM,AE,50,12404818523.087236,False,28.353584316379123,-0.06421583986206186,2057.9127027068253,0.7093660289938347,2.6682427559991266,2.4303239620629866,4.220778406376017,-0.11467114261082476,590.1947085158226,0.20344112564267827,0.9735400768840016,1.6914967183243759,-3.3189922794857036,-0.19758719957557494,252.2699036729582,0.1739157346837539,1.877488823703927,1.2968958040548908,marginal,marginal,fail,marginal,3
279445,DUNELM GROUP PLC,GB,25,2316549312.96145,True,19.24068328839937,1.1105496808848652,211.16614959559433,2.3515161424899147,inf,2.7704502451680844,4.762677288434274,1.9831244301515445,119.89154377353285,1.335095142244241,inf,1.5219820210741248,0.7213245102832211,3.4170759411842,80.99816482475754,1.8039680361861368,inf,0.855186492296669,pass,pass,fail,severe_vulnerable,4
281544,KUMBA IRON ORE LTD,ZA,15,5797806811.20907,False,574.9916747704859,-0.4219451363043514,22116.558120951624,inf,inf,6.556472560661726,248.6528625611605,-0.7534734576863419,11150.160047732907,inf,inf,5.548704924231084,90.40927358154751,-1.298292727090312,7211.7904518092755,inf,inf,5.010465391137447,pass,pass,pass,highly_resilient,1
281728,ODONTOPREV SA,BR,35,1287121523.42232,True,158.40950402416914,-0.3066251769395939,671.4623798983594,1.5139256948854163,inf,5.279518327751178,77.19474362778237,-0.5475449588207034,403.63952774308126,0.9100737000547462,7.347044687275954,3.932593367884625,37.32118859516775,-0.943462082891058,267.82193909196684,1.2076998723494865,inf,3.2132129915922625,pass,marginal,pass,marginal,3
284882,EMAMI LTD,IN,30,2334413020.413,False,95.41440576951585,-0.6700553062554113,7947.930989220442,2.276039802182257,inf,9.241828506858733,37.76936670168595,-1.1965273325989487,4787.388288963448,1.370958845636726,inf,8.34725667406416,13.090410909599715,-2.0617086346320344,3309.062750246645,1.8952249428674943,inf,7.869473990639788,pass,pass,pass,highly_resilient,1
286961,BUREAU VERITAS SA,FR,20,13908120694.944483,True,11.823858976077076,1.3031160212975583,851.4506933801771,inf,inf,3.1477919800745986,2.9654631981390205,2.326992895174211,437.1963882928993,inf,inf,2.5962608061948793,0.6142663748738845,4.009587757838641,232.7053837980768,inf,inf,2.3016930201454837,pass,marginal,fail,marginal,3
287622,ZOZO INC,JP,25,3584027734.94997,False,503.9662275680802,-1.047540626957007,47473.30850518358,1.4802565715189293,inf,7.6491845267369305,63.63759889202233,-1.8706082624232263,26784.84276290281,0.83517329559112,17.30671183179524,6.574815799561404,18.829985981547395,-3.2232019290984826,17495.417764184665,1.0910428589183165,inf,6.001005229365383,pass,marginal,pass,marginal,3
287895,RUENTEX ENGR & CONSTR CO LTD,TW,20,1605158856.0,False,32.90328065637463,0.9885922667462496,2167.4825485053466,0.7213822922619758,2.311120774805352,2.9079258763452738,7.867089309320875,1.765343333475446,988.2279671629938,0.32890237419490553,0.9595014910230152,2.442124352245025,2.3918939985499597,3.0418223592192293,701.6069407642377,0.46701812989860814,2.416289216214794,2.193343992782392,marginal,marginal,marginal,marginal,3
287930,ECLERX SERVICES LTD,IN,20,1692179328.3995998,False,22.771753875977183,-0.7246974111522869,5894.313695496329,125.51775331125062,inf,10.08996622605525,9.102867886943155,-1.294102519914798,3089.3728194779437,65.78732579808228,inf,9.21044815150889,3.3101507736688474,-2.2298381881608824,2003.3452885363072,85.32134959694665,inf,8.740705543512538,pass,pass,pass,highly_resilient,1
288911,TTW PCL,TH,55,1063235250.0,False,29.075823914404506,0.7744928538536509,2847.0674855116176,inf,inf,5.631258169492445,6.834753879296869,1.3830229533100906,1465.769271886506,inf,inf,5.118688644675491,1.857961448196633,2.38305493493431,782.9290477912758,inf,inf,4.844929921193709,pass,pass,marginal,stress_resilient,2
288950,HEXPOL AB,SE,15,2248621498.3008,False,15.779684338862307,0.862503220398997,2225.7831243210526,1.538593442244279,inf,3.9575877888633393,5.26040255547651,1.5401843221410658,1133.8785496197897,0.7838041728699982,3.6609956360869678,3.481458448271757,1.6928255256510918,2.6538560627661445,724.7357654043421,1.0019607785023066,inf,3.2271620959103435,pass,marginal,marginal,marginal,3
292072,VODACOM GROUP LTD,ZA,50,9039004027.228762,False,4.458202429980924,0.6521675547929453,18234.424199376706,inf,inf,2.311657506957989,1.093906905591228,1.1645849192731166,-554.2224483490397,inf,72.01620959038361,1.6254594280495012,-0.2748724898154609,2.006669399362908,-6967.3220136034215,inf,5.72859987267295,1.2589672722688316,pass,fail,fail,fail,5
292107,GRAND PLASTIC TECH CORP,TW,45,1642743483.4125,False,36.62087249054783,-1.6527082973441525,1057.1105836095471,inf,inf,4.442922492086596,7.618493339971324,-2.9512648166859865,549.7028318213464,inf,inf,4.07786129980392,2.4233151789016105,-5.085256299520469,314.7890034231027,inf,inf,3.882885435743854,pass,pass,marginal,stress_resilient,2
292534,SIAM GLOBAL HOUSE CO LTD,TH,25,1029787046.134875,False,13.254658088972379,1.9863763711684475,1794.9916976166028,1.8047735703679972,inf,4.188217911233421,2.471526843540849,3.5471006628007986,452.10877066529775,0.45457255390747625,4.072853785646219,3.8554700947779144,0.10733487590909534,6.111927295902915,103.48705480052786,0.20810202256334906,5.6104354396864,3.6777525109891775,pass,marginal,fail,marginal,3
292679,MOUWASAT MEDICAL SVCS,SA,35,3419093999.9999995,False,16.375533113132455,0.4305644953840125,467.4063732395047,1.099779701740011,inf,4.706375650250101,5.298860050981943,0.7688651703285937,107.67122401412263,0.25334405650381797,1.5676202022792252,4.141919997694106,1.344910244509722,1.3248138319508076,38.472187552839095,0.1810455884839487,2.858456892636275,3.8404493650789715,pass,marginal,fail,marginal,3
295526,PANDORA AS,DK,25,5572857500.0,False,9.425156146119846,1.298334539871873,6482.761574713042,3.9504945610682767,inf,2.7111082584969317,2.90229395696893,2.3184545354854875,3098.1964818393044,1.8879929810111544,inf,1.6563885330586756,0.584602672068096,3.9948755072980706,1540.2441823756521,1.8772019285504598,inf,1.0930723160632436,pass,marginal,fail,marginal,3
298660,SHENG SIONG GROUP LTD,SG,30,2852961457.4999995,False,32.459343621414895,-1.1118311024077088,168.86913161888995,1.6050215431447632,inf,4.963547568198369,7.791719109992944,-1.9854126828709084,103.7503587065784,0.9860982835446038,299.40560407367855,4.309742737872252,1.057767988435655,-3.4210187766391034,77.40106027613925,1.4713212298126515,inf,3.9605515216753493,pass,marginal,fail,marginal,3
314572,INDUS TOWERS LTD,IN,50,13882012427.334,False,5.173093220358795,1.1437717866286852,50539.01679052596,inf,inf,4.194527614125889,1.1578583331672179,2.042449618979795,-1017.7105973054568,inf,32.84037730224075,3.465536870080485,-0.3935458692322674,3.519297805011339,-18348.91439077208,inf,1.8214701583003943,3.0761895408744175,pass,fail,fail,fail,5
314580,CHICONY POWER TECH CO LTD,TW,20,1044023611.6863,False,34.377475825516576,-0.33044985871390287,2770.805582959844,1.868572719594512,inf,3.7893572002564038,5.971782489647596,-0.5900890334176837,1647.6615664575122,1.1111481343696596,inf,3.418812910641955,0.33482420373113736,-1.016768796042778,1239.2735851159323,1.671479823415152,inf,3.2209085741433294,pass,pass,fail,severe_vulnerable,4
315002,VOLTRONIC POWER TECH CORP,TW,20,2276433759.096,False,89.33528151086105,-1.2696302882196604,3491.5261804160978,1.0965266543377874,inf,6.5358112414125324,35.611105389459105,-2.267196943249394,2140.3753760330146,0.672192768673087,6.455593179800004,5.7258068762795675,14.96496842825725,-3.9065547329835706,1475.4895586352318,0.9267658586182026,57.79244726337789,5.293190908538098,pass,marginal,marginal,marginal,3
316227,WESTPORTS HOLDINGS BHD,MY,20,4532433798.52212,False,12.80318378494604,1.3486560068631548,1270.9484783925627,1.702410902290998,inf,3.3518492579168884,3.9968789536900395,2.4083142979699192,629.655887899835,0.8434118821308391,7.11727944904107,2.7251325040637107,1.2534346680250592,4.149710790348168,306.5218404775828,0.8211601522656855,12.463457192491909,2.3904087832557632,pass,marginal,fail,marginal,3
317841,IMCD NV,NL,20,4473671655.5136,False,6.399657411060953,2.7054485348169197,402.3679616774271,3.753432478334208,inf,3.2318019717352873,1.7291094279444075,4.831158097887356,234.04225353935914,2.1832299770462607,inf,2.8660065338722296,0.3130143032846443,8.324457030205906,122.00453339355177,2.276203981222981,inf,2.6706385159226422,pass,marginal,fail,marginal,3
318510,RECRUIT HOLDINGS CO LTD,JP,20,35137110192.4893,False,inf,-1.1145127943889925,422910.1448408064,11.40257609643847,inf,5.993129319154726,45.96576724126593,-1.9902014185517727,277787.9911108515,7.489767616027704,inf,5.419241018155973,7.853389461609725,-3.4292701365815157,208885.58082326205,11.264017947276121,inf,5.112732493758912,pass,pass,pass,highly_resilient,1
318688,CARABAO GROUP PUBLIC CO,TH,30,1018875000.0,False,44.407327746350006,0.23614431313291218,2367.02617510899,inf,inf,6.501308786595945,12.670658677530113,0.4216862734516289,1089.2177780610348,inf,inf,5.821998380426914,3.487162527614385,0.7265978865628067,748.669333160422,inf,inf,5.459184868041181,pass,pass,pass,highly_resilient,1
318896,KUWAIT TELECOM CO,KW,50,2009202529.022,False,16.023670756113496,-0.6141272142982798,35.731215068130226,0.9414843767951683,40.695070784683985,2.8927111021096983,-1.291806376132725,-1.0966557398183567,7.392027250870568,0.19477306204865535,2.957299757493224,2.340059003895323,-6.825837411757388,-1.889622197840861,1.1836765295230967,0.062377557415846156,5.079437778318315,2.0448925423490083,marginal,fail,fail,fail,5
319382,MITRA KELUARGA KARYASEHAT,ID,35,1828376494.8300002,False,710.1389264147197,-1.358918920213405,641540.6791119397,inf,inf,12.508651702313095,309.0371643495409,-2.4266409289525095,21069.289340186027,inf,inf,11.85692287991874,114.43073100187365,-4.181288985272015,-6226.948480806983,inf,447.2634568254957,11.50884044068539,pass,pass,marginal,stress_resilient,2
319417,AUTOTRADER GROUP PLC,GB,50,5077677026.86592,True,431.00207703105343,-0.02966114772516988,298.8888630516288,3.193257083884923,inf,20.248884010229197,213.844463222451,-0.052966335223517645,173.56451330891215,1.8543217233858138,inf,18.409774670493828,106.98888241941462,-0.09126506992359963,109.10328674177937,2.3312668107217815,inf,17.427523091316985,pass,pass,pass,highly_resilient,1
321062,HUGEL INC,KR,35,2302392175.125,False,154.1237415420314,-2.606298633669543,136135.2153946811,inf,inf,15.01554519702124,51.87834539700752,-4.654104702981327,75955.41697602141,inf,inf,14.483073176715722,18.855894477861252,-8.0193804112909,48546.59804702137,inf,inf,14.198684711325276,pass,pass,pass,highly_resilient,1
321396,CROMPTON GREAVES CONSUMER,IN,25,1864519912.05,True,17.175630819749912,-0.6063277037597011,6163.050476568863,3.1937868459184653,inf,4.5078472584508855,6.893226890552164,-1.0827280424280377,3687.000766878563,1.9106600854425884,inf,4.056205633642044,2.512898663521024,-1.8656237038760033,2829.399404884881,2.932475933963705,inf,3.814987947664595,pass,pass,marginal,stress_resilient,2
321600,TECHNOGYM SPA,IT,25,3613748094.0,False,8.835925404582113,-0.8731570003920925,96.6786103309563,1.2720869780388988,inf,3.780627433887857,3.1037419353331606,-1.5592089292715938,46.63845678533554,0.6136639050702045,7.312864941402699,3.1446133041834807,0.36478330874035675,-2.6866369242833614,31.179839476747745,0.8205220914933617,31.48269007275657,2.8049239394550076,pass,marginal,fail,marginal,3
321867,MAHANAGAR GAS LTD,IN,55,1235472936.1128,False,119.5033756620548,-0.5809471549327286,4177.280963563677,1.4096719750155828,inf,6.300016374971043,43.47310258579663,-1.0374056338084439,-1832.9761604043406,-0.6185590930396316,2.880714024364104,5.573431629109046,13.955664176051956,-1.7875297074853185,-1348.3970618418034,-0.9100644969066941,4.8821449601647435,5.185369321660025,pass,marginal,marginal,marginal,3
326213,ABU DHABI NATIONAL OIL,AE,25,13070400000.0,True,8.599807232563993,1.0448582675592526,1891.927243994123,inf,inf,2.2276377580995925,2.9461123422049837,1.8658183349272368,746.4144266367089,inf,inf,1.5181550210855377,0.8825223510137873,3.214948515566931,497.4192982307867,inf,inf,1.1392267410893948,pass,marginal,fail,marginal,3
327466,EPIROC AB,SE,20,16274977224.307201,False,98.77463843301989,0.7353856003757268,11141.02724721944,2.424932987957953,inf,6.182212830276875,10.882668455335262,1.313188572099512,6307.9902584428855,1.3729841356624661,inf,5.609492512033622,2.401669008564136,2.262724924233005,4049.646355346318,1.7628753289502763,inf,5.303607796608248,pass,pass,marginal,stress_resilient,2
328745,KNORR-BREMSE AKTIE,DE,20,17673212681.280003,False,6.916579523183255,0.5210201588368353,653.1167649408176,2.134368512878489,inf,4.100625942653191,1.9784963709361172,0.9303931407800632,300.2253883668579,0.9811287201531304,300.9726212625505,3.7006976825943507,0.27422892398600984,1.6031389502671856,143.07893147435433,0.935156414865061,175.18274322038215,3.4870996346083794,pass,marginal,fail,marginal,3
334101,INDIAN RAILWAY CATERING,IN,20,5182079999.999999,False,278.3339308896214,-1.3343243841686305,11562.146480098903,1.8065853875154536,inf,7.246023616151675,115.357750374829,-2.3827221145868407,6620.573183855385,1.0344645599774038,inf,6.535020173847576,51.60991341735166,-4.105613489749632,4312.788528532144,1.3477464151662948,inf,6.155279698980614,pass,pass,pass,highly_resilient,1
334426,SAUDI ARABIAN OIL CO,SA,10,1750362768000.0,False,37.25666594697736,0.08589335439372348,474097.37615679693,1.4704067790959692,inf,6.472362287195148,14.051915363212249,0.1533809899887919,196262.01564780623,0.6087040612351554,2.285683996749788,5.457350091192166,5.38874214657196,0.2642872442883799,106072.969750959,0.6579678422395154,5.229794011674765,4.915241304690572,pass,marginal,marginal,marginal,3
340076,CURY CONSTRUTORA E INCORPORA,BR,25,1885707185.71912,False,6.927977182706013,-0.2623954140880312,750.9821689369832,0.6457284341676554,4.346746341971015,3.616178709642484,3.225233727309344,-0.46856323944291284,385.3747396047105,0.33136263078650946,2.303084906333437,2.986331282213526,1.5651845490001186,-0.8073705048862497,201.80153365451955,0.34703617137492615,4.716734879751819,2.6499354971094236,marginal,marginal,marginal,marginal,3
